AA,Codon,Posterior,0.025%,0.975%
A,GCA,0.3125539275527,0.291024822493394,0.338765928149223
A,GCC,-0.959046979546547,-0.985439366598924,-0.923079084853331
A,GCG,-0.851510759973526,-0.874691885213057,-0.82916195243597
A,GCT,0,0,0
C,TGC,-0.438390295398235,-0.46930206467708,-0.406540006399155
C,TGT,0,0,0
D,GAC,-0.867369609427452,-0.893374443550905,-0.839588430027167
D,GAT,0,0,0
E,GAA,0.42933005027771,0.409290767709414,0.450075118988752
E,GAG,0,0,0
F,TTC,-1.02227264025211,-1.05216453075409,-0.989940128227075
F,TTT,0,0,0
G,GGA,-0.106194553765655,-0.122671822768946,-0.0884719581653674
G,GGC,-0.493923065149784,-0.51421323120594,-0.472403186311324
G,GGG,0.132438319340348,0.108276456594467,0.156014598781864
G,GGT,0,0,0
H,CAC,-0.981426687550545,-1.01383304595947,-0.948010984063149
H,CAT,0,0,0
I,ATA,0.115611144396663,0.0942088620116313,0.141141022617618
I,ATC,-1.00918716571331,-1.03578635851542,-0.978360689679782
I,ATT,0,0,0
K,AAA,0.130661522102356,0.114262624581655,0.149454396714767
K,AAG,0,0,0
L,CTA,-0.188841359639168,-0.210595203315218,-0.168697909514109
L,CTC,-1.18324317622185,-1.21335787673791,-1.1508520235618
L,CTG,0.151202485480905,0.131017291049163,0.173379709447424
L,CTT,-0.117887217593193,-0.134882169216871,-0.101843488402665
L,TTA,0.0204735233834646,-0.000733114255126566,0.0398100522346795
L,TTG,0,0,0
N,AAC,-1.03343596184254,-1.0615854014953,-1.0053803195556
N,AAT,0,0,0
P,CCA,-0.0340883077880095,-0.0586029776992897,-0.0111498563395192
P,CCC,-0.567984847760201,-0.598056771357854,-0.541631572941939
P,CCG,-0.986521828913689,-1.02477717399597,-0.954386279980342
P,CCT,0,0,0
Q,CAA,-0.0961737928032875,-0.11952920028319,-0.0720504549642404
Q,CAG,0,0,0
R,AGA,0.553684244704246,0.529625018934409,0.579294819633166
R,AGG,0.523427181363106,0.498070765038331,0.548382164041201
R,CGA,0.273072690707445,0.241992398227255,0.311394201219082
R,CGC,-0.207904782104492,-0.228751017774145,-0.175875202814738
R,CGG,0.0684101745404303,0.0296594894956797,0.109552189707756
R,CGT,0,0,0
S,TCA,0.137810680454969,0.118893613045414,0.155273281410336
S,TCC,-0.875784682297707,-0.902796485026677,-0.8501301775376
S,TCG,-0.671633753204346,-0.700427910685539,-0.648512423038483
S,TCT,0,0,0
T,ACA,0.110120760959387,0.0850345793490608,0.135800945510467
T,ACC,-0.967541403532028,-1.00175801018874,-0.938271869222323
T,ACG,-1.00899217281342,-1.05226195951303,-0.976203309992949
T,ACT,0,0,0
V,GTA,0.239227927708626,0.214723229284088,0.260908573865891
V,GTC,-0.8690102029562,-0.895907759666443,-0.837782223025958
V,GTG,-0.385366113424301,-0.408782064914703,-0.367907072852055
V,GTT,0,0,0
Y,TAC,-1.19521983942986,-1.23402713636557,-1.1578277528286
Y,TAT,0,0,0
Z,AGC,-0.704619152712822,-0.734240471323331,-0.674748376508554
Z,AGT,0,0,0
